	total_energy	vdw	elec	entropy	cluster_size	PDB_name	cluster_id
0	-28.544768452175003	-67.47585466979808	-19.292488446114366	-0.588759452673312	21	1	1
