	total_energy	vdw	elec	entropy	cluster_size	PDB_name	cluster_id
0	-29.80816815381182	-68.11581450051202	-20.326866740406313	-0.5370438257992212	25	18	1
